id,x,y,z,AG,AHP6,ANT,AP1,AP2,AP3,AS1,CLV3,CUC1_2_3,ETTIN,FIL,LFY,MP,PHB_PHV,PI,PUCHI,REV,SEP1,SEP2,SEP3,STM,SUP,SVP,WUS,vol,curv1,curv2,mean_curv,gauss_curv,dev_curv,dist_to_center,gene_PC1_value,gene_PC2_value,shape_PC1_value,shape_PC2_value,gene_cluster_gmm,gene_cluster_kmeans,shape_cluster_gmm,shape_cluster_kmeans
115,63.12156557507301,49.87185876028603,5.5485753657454575,0.0,0.00647134,0.800269,0.786702,0.786702,0.0,0.613363,0.0,1.51412e-07,0.800269,0.613363,0.800269,0.800269,0.0106954,0.0,0.0,0.0106954,0.800269,0.800269,0.0,0.63666,0.0,0.612397,2.73476e-06,216.2549464726056,0.0525280643672635,0.0215905386266318,0.0370593014969476,0.0011797296562451,0.0154687628703158,26.573256117104012,3.794270145268299,0.43815637612249414,0.9749941829686296,0.7215102230736424,1,1,0,0
116,66.48422189855003,44.67346580444659,4.136079753495467,0.0,0.0690086,0.781916,0.773546,0.773546,0.0,0.0644063,0.0,9.90373e-07,0.781916,0.0644063,0.781916,0.781917,0.00402174,0.0,0.0,0.00402174,0.781916,0.781916,0.0,0.076654,0.0,0.0642668,2.41138e-06,96.08131855605158,0.0300568184580646,0.0186411302482268,0.0243489743531457,0.0005607981927849,0.0057078441049189,26.541450896964857,-0.023430986834007874,1.7605228275212084,-1.2029486234289029,0.0170577740781053,3,3,0,0
134,58.51917501549296,54.01391713098592,6.249261002824232,0.0,0.000341803,0.844356,0.832495,0.832495,0.0,0.817981,0.0,5.44981e-09,0.844356,0.817981,0.844356,0.844356,0.00547,0.0,0.0,0.00547,0.844356,0.844356,0.0,0.829647,0.0,0.812305,1.05906e-06,128.58828955133245,0.041334894680558,0.0154482147806577,0.0283915547306078,0.0006351105757302,0.0129433399499501,26.707393106697545,5.191038740459032,0.06396439360379985,-0.34431957988650086,0.025243003731693456,1,1,0,0
168,69.57072125017962,33.87211876030534,9.119845183595851,0.0,0.75757,0.914992,0.913697,0.913697,0.0,0.000441662,0.0,0.000515794,0.914992,0.000441662,0.914992,0.915507,0.0139824,0.0,0.0,0.0139824,0.914992,0.914992,0.0,0.016289,0.0,0.000438492,7.58243e-07,206.8372125899728,0.0641199957784514,0.0511678932940876,0.0576439445362695,0.003286340847004,0.0064760512421818,25.19007771000794,-1.2356428212452155,5.676603908950707,1.8109765608048112,0.1965690205660336,2,2,0,0
172,52.51763158828599,56.92211495254369,9.001698123271186,0.0,6.62318e-06,0.985456,0.969115,0.969115,0.0,0.973296,0.0,6.2618e-10,0.985456,0.973296,0.985456,0.985456,0.00869694,0.0,0.0,0.00869694,0.985456,0.985456,0.0,0.985099,0.0,0.959827,7.1204e-06,156.2749411333131,0.0403170202496831,0.028334316733362,0.0343256684915226,0.0011419371188334,0.0059913517581605,26.325177192260302,6.2102354198166365,-0.2519009906292268,-0.1196078859796014,0.4074021210167062,1,1,0,0
175,66.59783389224904,43.43205015074815,9.109914473242624,0.0,0.133726,0.975441,0.964488,0.964488,0.0,0.0207445,0.0,7.14401e-06,0.975441,0.0207445,0.975441,0.975448,0.0680786,0.0,0.0,0.0680786,0.975441,0.975441,0.0,0.0996753,0.0,0.0206207,4.95082e-06,162.0054557344812,0.0539580021704507,0.0278266113874094,0.0408923067789301,0.0015023679563962,0.0130656953915206,24.94024670547564,-0.5066560946587895,1.9324538790371149,0.7027810555297168,0.007805300030548841,3,3,0,0
185,68.62725054852686,39.42685770363951,7.410826739485206,0.0,0.648647,0.849453,0.847779,0.847779,0.0,0.0040114,0.0,3.67757e-05,0.849453,0.0040114,0.849453,0.84949,0.00445112,0.0,0.0,0.00445112,0.849453,0.849453,0.0,0.0100085,0.0,0.00400231,6.09573e-07,176.84720992032655,0.0535633551713588,0.0369036191295962,0.0452334871504775,0.001978285800262,0.0083298680208812,25.57225475563728,-1.0714925030843185,5.108690710951441,0.8579325380886033,0.20026730744385765,2,2,0,0
195,56.30764653191489,54.16245344680851,10.618036808901804,0.0,5.11783e-05,0.979888,0.96804,0.96804,0.0,0.94684,0.0,1.57313e-09,0.979888,0.94684,0.979888,0.979888,0.0252605,0.0,0.0,0.0252605,0.979888,0.979888,0.0,0.975536,0.0,0.938399,6.22875e-06,119.17055566869963,0.0374948969742684,0.0277272404859291,0.0326110687300987,0.0010396155979811,0.0048838282441696,25.074346585044427,6.020260081366157,-0.2597846106945425,-0.5594585702186061,0.05363626220250313,1,1,0,0
209,64.36536621061956,46.70098400095048,11.589978889130482,0.0,0.0188039,0.988907,0.981967,0.981967,0.0,0.180328,0.0,5.3508e-07,0.988907,0.180328,0.988907,0.988907,0.141447,0.0,0.0,0.141447,0.988907,0.988907,0.0,0.328466,0.0,0.180068,5.37614e-06,107.48662152239584,0.0470814364474689,0.0324647085412073,0.0397730724943381,0.0015345302210953,0.0073083639531307,24.5785925493887,0.6103767378529286,0.7772034368789287,-0.05731468046322044,-0.4254454717023428,3,3,0,0
213,60.54996171615057,51.12036554918033,11.765929691776188,0.0,0.00111142,0.979328,0.96919,0.96919,0.0,0.816448,0.0,2.82693e-08,0.979328,0.816448,0.979328,0.979328,0.0846178,0.0,0.0,0.0846178,0.979328,0.979328,0.0,0.907772,0.0,0.813005,8.09829e-06,137.67166601801378,0.0470152883579159,0.0365063297148943,0.0417608090364051,0.0017184278711803,0.0052544793215107,24.84550223568855,5.059489842528995,-0.22531428527456776,0.18596588904937983,-0.05034242028788608,1,1,0,0
215,42.596849402489624,58.115676252074685,12.048961023209367,0.0,1.03256e-07,0.980734,0.974186,0.974186,0.0,0.960677,0.0,2.40994e-10,0.980734,0.960677,0.980734,0.980734,0.0194436,0.0,0.0,0.0194436,0.980734,0.980734,0.0,0.980724,0.0,0.954175,1.36501e-05,174.59029736265418,0.0525814236972561,0.0366068936403098,0.0445941586687829,0.0019401440967452,0.0079872650284731,26.172374100871462,6.12709280849802,-0.2635701308342282,0.7851795762969732,0.20304942929299086,1,1,0,0
229,67.9826278983718,27.504464790688285,12.289635301114192,0.0,0.077867,0.922546,0.921131,0.921131,0.0,1.18841e-05,0.0,0.0660324,0.922546,1.18841e-05,0.922546,0.988579,0.00763367,0.0,0.0,0.00763367,0.922546,0.922546,0.0,0.0337462,0.0,1.15874e-05,5.18434e-06,138.04317425795986,0.0490176107811412,0.0363216169952821,0.0426696138882117,0.0017843719045003,0.0063479968929295,23.7531702996197,-0.5008464231581122,1.8458848232173493,0.3006649136257391,-0.10974543216962034,3,3,0,0
234,47.6880555313644,57.31116179130731,13.537410576367172,0.0,4.76605e-07,0.997229,0.988243,0.988243,0.0,0.97035,0.0,3.91995e-10,0.997229,0.97035,0.997229,0.997229,0.0261396,0.0,0.0,0.0261396,0.997229,0.997229,0.0,0.997205,0.0,0.961573,1.42908e-05,149.68995758026907,0.0461313782018544,0.0335096751867863,0.0398205266943203,0.0015468672759024,0.006310851507534,25.488792303780475,6.176344118702906,-0.30593526846610253,0.20249729749423728,0.12623630260333008,1,1,0,0
243,36.47865578474816,56.97444022687566,13.516520820427436,0.0,3.23225e-07,0.997935,0.996801,0.996801,0.0,0.983378,0.0,5.86744e-11,0.997935,0.983378,0.997935,0.997935,0.0143618,0.0,0.0,0.0143618,0.997935,0.997935,0.0,0.997908,0.0,0.982277,7.67475e-06,131.83898665086053,0.0441384106306215,0.0326625340014357,0.0384004723160286,0.0014588310249056,0.0057379383145928,26.2789188387084,6.300178938331786,-0.29290008162278713,-0.044262148797807155,-0.030190774408148525,1,1,0,0
260,67.53761704364172,37.398554206603464,13.5894095564047,0.0,0.81386,0.995098,0.993952,0.993952,0.0,0.000865106,0.0,3.40303e-05,0.995098,0.000865106,0.995098,0.995132,0.143775,0.0,0.0,0.143775,0.995098,0.995098,0.0,0.146102,0.0,0.00086093,9.75074e-07,85.23327794962643,0.0360433128078039,0.0208508104883957,0.0284470616480998,0.0007497079827619,0.007596251159704,23.525056140965788,-1.4777416938297974,5.552441945924417,-0.9368730395421958,-0.3080390690638492,2,2,0,0
266,64.76008711945966,42.19726245474353,14.145143191554537,0.0,0.141795,0.998299,0.994341,0.994341,0.0,0.0132808,0.0,7.98877e-06,0.998299,0.0132808,0.998299,0.998307,0.656937,0.0,0.0,0.656937,0.998299,0.998299,0.0,0.674393,0.0,0.0132508,3.33802e-06,74.59885458117026,0.0264611568997724,0.0189876120577638,0.0227243844787681,0.0005039180901302,0.0037367724210042,22.589332238487824,-1.3519247452809404,0.10229433689037959,-1.5762089730359254,-0.0996932263900635,0,0,0,0
267,22.572820295646068,44.19478250772472,15.787627292953845,0.0,0.0779252,0.992216,0.98229,0.98229,0.0,0.142075,0.0,7.42683e-06,0.992205,0.142075,0.992205,0.992493,0.0147591,0.0,0.0,0.0147591,0.992182,0.992182,0.0,0.165897,0.0,0.141471,1.97106e-05,171.93401344703983,0.0331417808477547,0.021862631958249,0.0275022064030019,0.0007302810649902,0.0056395744447528,25.446026321381627,0.45171450956472725,1.57832392483046,-0.4631340147944577,0.857770891993543,3,3,0,0
278,52.00190307336923,55.28038200995368,15.347292550249255,0.0,5.75585e-07,0.999268,0.993262,0.993262,0.0,0.909401,0.0,2.8667e-10,0.999268,0.909401,0.999268,0.999268,0.0894942,0.0,0.0,0.0894942,0.999268,0.999268,0.0,0.999241,0.0,0.903519,9.42028e-06,74.18090781123094,0.0395859090185782,0.0296704369862168,0.0346281730023975,0.0011753109249764,0.0049577360161806,24.559567186231874,5.681285837594121,-0.4059188084581442,-0.7528307228917576,-0.5748427174777004,1,1,0,0
279,55.05114800049068,52.686068723258096,15.970614673602409,0.0,1.23715e-05,0.998468,0.989642,0.989642,0.0,0.787533,0.0,1.36229e-09,0.998468,0.787533,0.998468,0.998468,0.209622,0.0,0.0,0.209622,0.998468,0.998468,0.0,0.997929,0.0,0.779264,2.27651e-05,104.10589653888664,0.0385111608091634,0.0272446998456243,0.0328779303273939,0.0010486516889246,0.0056332304817695,23.395536439110288,4.680690381117241,-0.581490275347689,-0.6187891636356349,-0.158807745948304,1,1,0,0
280,59.95270116939682,48.64021553586191,15.73949828509963,0.0,0.000592924,0.998669,0.989799,0.989799,0.0,0.196546,0.0,4.90228e-08,0.998669,0.196546,0.998669,0.998669,0.783002,0.0,0.0,0.783002,0.998669,0.998669,0.0,0.98534,0.0,0.193445,1.74243e-05,121.3345911663855,0.0314914353599013,0.0196405930688798,0.0255660142143905,0.0006198679843963,0.0059254211455107,22.821304936672696,-0.11852178131188462,-1.4103447516899008,-0.9463305723136138,0.303192414916365,0,0,0,0
281,67.8444087565746,33.37125791092904,14.940566345931956,0.0,0.755947,0.995001,0.994599,0.994599,0.0,6.52698e-05,0.0,0.000345227,0.995001,6.52698e-05,0.995001,0.995347,0.144156,0.0,0.0,0.144156,0.995001,0.995001,0.0,0.1463,0.0,6.47223e-05,1.06227e-06,70.28007129179723,0.0478526693848942,0.0183643582183557,0.0331085138016249,0.0008796916801286,0.0147441555832692,23.35665275888499,-1.4215060934871753,5.226154190244637,-0.3860563036584113,-0.905636788150801,2,2,0,0
282,62.58967955373592,44.05350218167861,16.337075288063236,0.0,0.00728262,0.999449,0.995962,0.995962,0.0,0.0272506,0.0,2.10944e-07,0.999449,0.0272506,0.999449,0.99945,0.89304,0.0,0.0,0.89304,0.999449,0.999449,0.0,0.92344,0.0,0.0268836,1.29387e-05,99.81497636750956,0.025578583974986,0.0151852138568628,0.0203818989159244,0.0003886330502349,0.0051966850590616,21.94031300299327,-1.4260841598300418,-1.4343487677748952,-1.4673262446452728,0.2467697955089549,0,0,0,0
283,30.355540397809243,54.04354010205717,15.680673790871818,0.0,0.000249256,0.998755,0.991706,0.991706,0.0,0.891873,0.0,4.23306e-09,0.998755,0.891873,0.998755,0.998756,0.0937796,0.0,0.0,0.0937796,0.998755,0.998755,0.0,0.989177,0.0,0.888235,2.16489e-05,104.29165065885968,0.0516517923572285,0.0317957672918473,0.0417237798245379,0.0016446222927115,0.0099280125326906,26.46047298874914,5.5613507079966755,-0.3917120965270744,0.18739250393090556,-0.6373104621429593,1,1,0,0
294,66.63587398789393,29.000552837432743,16.568717348307537,0.0,0.0807968,0.995338,0.994622,0.994622,0.0,3.45409e-06,0.0,0.0039788,0.995338,3.45409e-06,0.995338,0.999317,0.0818257,0.0,0.0,0.0818257,0.995338,0.995338,0.0,0.10216,0.0,3.24546e-06,5.52932e-06,72.49983302547498,0.0566074878697791,0.0220096299926281,0.0393085589312036,0.0012536500332484,0.0172989289385754,22.565927330663563,-0.6124393181387815,1.6099470370945,0.15603519162494933,-1.1802178944307173,3,3,0,0
299,64.72539362362404,37.563307369178666,17.482643406450894,0.0,0.189628,0.999443,0.996178,0.996178,0.0,0.000939825,0.0,4.58259e-05,0.999443,0.000939825,0.999443,0.999488,0.778303,0.0,0.0,0.778303,0.999443,0.999443,0.0,0.786497,0.0,0.000925492,1.26439e-05,142.59415019729917,0.0333707697916452,0.0200393481198906,0.0267050589557679,0.0006702710445341,0.0066657108358773,21.420572533019573,-1.6486424950871608,0.00015953005395263897,-0.6879591631325092,0.5099140680051414,0,0,0,0
302,64.41062604927386,24.839975081950207,17.478007320434585,0.0,0.0100401,0.988764,0.984723,0.984723,0.0,1.88751e-06,0.0,0.0107154,0.988764,1.88751e-06,0.988764,0.99948,0.0180415,0.0,0.0,0.0180415,0.988764,0.988764,0.0,0.23019,0.0,1.44176e-06,1.98188e-05,116.3935315751028,0.0327793021454845,0.0031974570355669,0.0179883795905257,0.000213903974539,0.0147909225549587,21.616679849213483,-0.42745687882605654,1.2326165003506628,-1.0015964023891795,0.19879505364751715,3,3,0,0
303,26.91548579565868,49.83376041641717,18.165665577069536,0.0,0.0069466,0.996458,0.981922,0.981922,0.0,0.663201,0.0,1.32645e-07,0.996458,0.663201,0.996458,0.99647,0.198487,0.0,0.0,0.198487,0.996457,0.996457,0.0,0.872487,0.0,0.659368,0.000119033,167.5130653916816,0.0605625879808141,0.0413038717413568,0.0509332298610854,0.0025050433244841,0.0096293581197286,25.792146945066868,3.84860141006458,-0.3038232031633238,1.236943445085625,-0.16538562784329677,1,1,0,0
307,44.02569026243994,55.49240349081688,17.954746885172842,0.0,1.80909e-06,0.99918,0.997096,0.997096,0.0,0.74223,0.0,2.21166e-09,0.99918,0.74223,0.99918,0.99918,0.253545,0.0,0.0,0.253545,0.99918,0.99918,0.0,0.99907,0.0,0.740355,0.000197776,173.95873335474587,0.0434032448712065,0.0285467124014753,0.0359749786363409,0.0012408103825349,0.0074282662348656,24.119976089258262,4.3279212396484885,-0.6497013202838423,0.1803371371104126,0.5318291302320178,1,1,0,0
310,35.770616338013056,55.76244795923507,17.387578145175894,0.0,1.41017e-05,0.999575,0.998009,0.998009,0.0,0.7992,0.0,1.09902e-09,0.999575,0.7992,0.999575,0.999575,0.198776,0.0,0.0,0.198776,0.999575,0.999575,0.0,0.998774,0.0,0.798132,9.86258e-05,99.56420830554596,0.0518337041479844,0.0365946665883511,0.0442141853681677,0.001901624567176,0.0076195187798166,25.8309922002282,4.792785551908212,-0.5696050274395302,0.19720225626316013,-0.6993405208700824,1,1,0,0
323,64.86279353481643,31.281100052573823,19.505078261894408,0.0,0.0805864,0.99954,0.999268,0.999268,0.0,4.46149e-05,0.0,0.000285303,0.99954,4.46149e-05,0.99954,0.999826,0.826532,0.0,0.0,0.826532,0.99954,0.99954,0.0,0.843609,0.0,4.3768e-05,2.04815e-05,139.6499473957266,0.0562024613720958,0.0302551415813077,0.0432288014767018,0.0017009133335361,0.012973659895394,21.421996349740446,-1.6006159208584223,-0.7760471151762095,0.6769586190192703,-0.3275815883046376,0,0,0,0
333,20.97440885005796,37.568070601543255,19.47745515787133,0.0,0.750747,0.998521,0.991325,0.991325,0.0,0.0014843,0.0,0.000178346,0.998397,0.0014843,0.998397,0.999382,0.0168105,0.0,0.0,0.0168105,0.998284,0.998284,0.0,0.0255092,0.0,0.00145293,2.32096e-05,128.18891819339044,0.0371461318117955,0.0300729373234989,0.0336095345676472,0.0011186765516526,0.0035365972441483,25.335537594572223,-1.2369987790470134,5.597067975286633,-0.4987270804693087,0.17646314009450811,2,2,0,0
334,50.75511712881052,52.192739488045426,19.64582312109814,0.0,9.31162e-07,0.999306,0.993195,0.993195,0.0,0.219623,0.0,1.89991e-09,0.999306,0.219623,0.999306,0.999306,0.776667,0.0,0.0,0.776667,0.999306,0.999306,0.0,0.999266,0.0,0.213655,0.000127692,170.9216534931868,0.0309349499636898,0.0237136068544312,0.0273242784090605,0.0007341123072224,0.0036106715546293,22.27370113882582,0.04091581209175332,-1.4297645413728297,-0.5985057981665659,0.9423403923516472,0,0,0,0
342,56.94474947834645,48.53834139566929,19.36631949954152,0.0,3.41594e-05,0.999612,0.995537,0.995537,0.0,0.150695,0.0,2.7538e-09,0.999612,0.150695,0.999612,0.999612,0.847281,0.0,0.0,0.847281,0.999612,0.999612,0.0,0.998652,0.0,0.147266,1.63315e-05,77.84955168069834,0.0305798872580077,0.0246660470655933,0.0276229671618005,0.0007551292025742,0.0029569200962072,21.721688175153766,-0.5193336722763092,-1.5365912206766814,-1.2878856713973261,-0.19662809359556532,0,0,0,0
346,59.651426803762135,45.48172876820388,19.588665618599652,0.0,0.000390592,0.999811,0.996429,0.996429,0.0,0.0258017,0.0,5.83618e-08,0.999811,0.0258017,0.999811,0.999811,0.966386,0.0,0.0,0.966386,0.999811,0.999811,0.0,0.995116,0.0,0.0253239,1.33417e-05,38.265348714444904,0.0318359992934421,0.0244201278667468,0.0281280635800944,0.0007818992907528,0.0037079357133476,21.381963690363282,-1.526268345439629,-1.705583686884605,-1.503900516370499,-0.7299532326804614,0,0,0,0
347,61.459067989691015,24.48289175556628,21.783551473745245,0.0,0.000908922,0.935891,0.935094,0.935094,0.0,1.57032e-06,0.0,0.0640743,0.935891,1.57032e-06,0.935891,0.999965,0.0911852,0.0,0.0,0.0911852,0.935891,0.935891,0.0,0.930104,0.0,1.2315e-06,0.000122705,163.5193518122614,0.0529434037348093,0.0304575835590119,0.0417004936469106,0.0016231743568553,0.0112429100878987,20.661195124874624,-0.4315708368254295,0.3540759171273894,0.659724670996259,0.0876547984282444,3,3,0,0
349,24.704496881847756,44.378044571535455,20.958834844267127,0.0,0.143182,0.999605,0.998007,0.998007,0.0,0.0699342,0.0,2.38426e-06,0.999595,0.0699342,0.999595,0.999641,0.146366,0.0,0.0,0.146366,0.999594,0.999594,0.0,0.217874,0.0,0.0697819,0.000100379,142.75204119927625,0.0459897333610998,0.0271274200539461,0.036558576707523,0.0012488112523504,0.0094311566535768,24.980961970844106,-0.28875070396495994,1.651418028257007,0.09795145534535044,0.04851240382988666,3,3,0,0
351,59.46542082495588,42.84109059223438,21.583204685119338,0.0,0.000977413,0.999838,0.996672,0.996672,0.0,0.0101319,0.0,1.44983e-06,0.999838,0.0101319,0.999838,0.99984,0.981376,0.0,0.0,0.981376,0.999838,0.999838,0.0,0.994848,0.0,0.00984941,0.000123427,131.560355470901,0.0329262486976086,0.0251817991318912,0.0290540239147499,0.0008293451885647,0.0038722247828587,20.49848595632427,-1.6536841610340098,-1.7239784475757358,-0.766154165612533,0.39521313076355935,0,0,0,0
352,38.68557768863326,54.308994371417434,20.80356936911846,0.0,2.09337e-06,0.999948,0.999262,0.999262,0.0,0.161182,0.0,1.08081e-09,0.999948,0.161182,0.999948,0.999948,0.838028,0.0,0.0,0.838028,0.999948,0.999948,0.0,0.999816,0.0,0.160706,0.000109984,95.2732881341689,0.0446845749655722,0.0223589728391716,0.0335217739023719,0.0009988479665945,0.0111628010632002,24.549830106140114,-0.4278722453024281,-1.5261856597972496,-0.3548350577880389,-0.49210900641005084,0,0,0,0
353,32.285596650509895,51.882232694215126,21.10537053056148,0.0,0.000295101,0.999669,0.989905,0.989905,0.0,0.265875,0.0,9.06302e-09,0.999669,0.265875,0.999669,0.99967,0.715636,0.0,0.0,0.715636,0.999669,0.999669,0.0,0.98778,0.0,0.262107,0.000198614,153.0056686217877,0.0389973563223754,0.0264589191668298,0.0327281377446026,0.0010361883227902,0.0062692185777727,24.961706204427,0.4447088257926225,-1.3153473854940323,-0.23627808983386178,0.42125036067394056,0,0,0,0
360,61.833455772274384,37.76373785943659,22.069881241164023,0.0,0.0122955,0.999929,0.999397,0.999397,0.0,0.000658185,0.0,3.61346e-05,0.999929,0.000658185,0.999929,0.999965,0.974321,0.0,0.0,0.974321,0.999929,0.999929,0.0,0.98364,0.0,0.00064119,0.000200608,129.57278638718952,0.0366295807722537,0.0327206678520333,0.0346751243121435,0.0012014065581221,0.0019544564601101,20.519093612761406,-1.720234678247812,-1.6269286579121816,-0.5198744156218551,0.24147753313774742,0,0,0,0
361,41.49896505930892,51.72210958303249,22.92120882792462,0.0,1.8456e-05,0.999915,0.998684,0.998684,0.0,0.0901981,0.0,9.89469e-09,0.999915,0.0901981,0.999915,0.999915,0.90636,0.0,0.0,0.90636,0.999915,0.999915,0.0,0.999774,0.0,0.089271,0.000465386,162.07975738247038,0.0286923879730485,0.0166083442059893,0.0226503660895189,0.0004791588852687,0.0060420218835296,22.548236836706913,-1.0059856256251658,-1.6259267061734013,-0.8300009398549337,0.9074927812115569,0,0,0,0
364,56.89509754727895,19.93305326525794,22.142840557369087,0.0,2.26211e-05,0.849052,0.848569,0.848569,0.0,2.05281e-07,0.0,0.150944,0.849052,2.05281e-07,0.849052,0.999996,0.0104058,0.0,0.0,0.0104058,0.849052,0.849052,0.0,0.999141,0.0,5.9864e-08,0.00010886,78.67615751457835,0.0444158710478908,0.0051747861549691,0.0247953286014299,0.0002596637995274,0.0196205424464608,19.764492871995188,-0.29452516757936953,0.4865474601626574,-0.6226355599238952,-0.6597926912069134,3,3,0,0
365,22.30504148297224,30.93774137366283,22.821501526711113,0.0,0.691082,0.992827,0.983552,0.983552,0.0,5.85351e-05,0.0,0.00399729,0.987743,5.85351e-05,0.987743,0.999821,0.0223999,0.0,0.0,0.0223999,0.987637,0.987637,0.0,0.0505792,0.0,5.2561e-05,2.55086e-05,137.17941760008526,0.0553304981244159,0.0359187855123196,0.0456246418183677,0.0019873030713597,0.0097058563060481,24.68945555073926,-1.1864055069977923,5.228103753864921,0.6639111975699262,-0.3487377596708617,2,2,0,0
369,52.57778262468322,19.661163442853525,24.61714595685706,0.0,1.95156e-05,0.866433,0.865111,0.865111,0.0,2.63329e-07,0.0,0.133561,0.866433,2.63329e-07,0.866433,0.999994,0.0228389,0.0,0.0,0.0228389,0.866433,0.866433,0.0,0.999381,0.0,8.59265e-08,0.000379,219.89572722407704,0.0693020467083503,0.0381464524922734,0.0537242496003118,0.0026505300721759,0.0155777971080384,19.09485730864674,-0.3146065025132946,0.4538019016691139,2.078207543092985,0.21778943377698537,3,3,0,0
372,55.11687803271028,47.06272347196261,22.494531500604076,0.0,4.55189e-06,0.999945,0.999084,0.999084,0.0,0.0230502,0.0,1.32548e-08,0.999945,0.0230502,0.999945,0.999945,0.976666,0.0,0.0,0.976666,0.999945,0.999945,0.0,0.999894,0.0,0.0223164,5.1385e-05,77.51519426474688,0.0295866729290234,0.0275354256577968,0.0285610492934101,0.0008151088974544,0.0010256236356133,20.905723444709736,-1.5594666956392738,-1.7334863397253764,-1.3343060027875424,-0.160214369446787,0,0,0,0
373,46.965561876423855,51.083735447209726,23.08612071470528,0.0,5.8883e-07,0.999932,0.999128,0.999128,0.0,0.0271141,0.0,6.30459e-09,0.999932,0.0271141,0.999932,0.999932,0.969692,0.0,0.0,0.969692,0.999932,0.999932,0.0,0.999922,0.0,0.0263417,0.000380522,97.02866456791403,0.0354251259264972,0.0173049231728512,0.0263650245496742,0.0006121000276822,0.009060101376823,21.96487696812652,-1.5221019645759142,-1.7209687029000995,-0.9144565856168599,-0.13108454480574813,0,0,0,0
375,27.46094130493116,46.76514963177859,23.14001531284564,0.0,0.00792989,0.999852,0.995679,0.995679,0.0,0.0731205,0.0,9.0147e-08,0.999851,0.0731205,0.999851,0.999855,0.844101,0.0,0.0,0.844101,0.999851,0.999851,0.0,0.920886,0.0,0.0726681,0.000278212,66.10989129840263,0.0384436785620096,0.0253499719386883,0.031896825250349,0.0009736261568131,0.0065468533116606,25.066538584690097,-1.0475864535359716,-1.3529616396267783,-0.9031184817791218,-0.638320851503319,0,0,0,0
377,23.422250682576433,38.19034523030574,23.641121926483883,0.0,0.752681,0.999635,0.99599,0.99599,0.0,0.00364505,0.0,3.7757e-05,0.999527,0.00364505,0.999527,0.999942,0.148633,0.0,0.0,0.148633,0.999521,0.999521,0.0,0.156752,0.0,0.00362722,0.000109958,166.47284231983264,0.0454813248235899,0.0409753393510497,0.0432283320873198,0.0018638774213584,0.0022529927362701,24.807084847457674,-1.3997186011723495,5.183818742567216,0.33481807509542605,0.36130694506792943,2,2,0,0
378,34.263955241379314,49.237000944827585,24.407702189472698,0.0,0.000931509,0.999966,0.99598,0.99598,0.0,0.0202097,0.0,5.60699e-08,0.999966,0.0202097,0.999966,0.999969,0.971594,0.0,0.0,0.971594,0.999966,0.999966,0.0,0.995291,0.0,0.0197497,0.00046755,192.5805838820425,0.0471664920633665,0.0299386481973088,0.0385525701303376,0.0014331919973002,0.0086139219330288,23.416381581182108,-1.571997470094571,-1.710232373350871,0.5415376641125873,0.634527159114633,0,0,0,0
379,27.28265849678571,23.41498941321429,23.858316958009617,0.0,0.0106185,0.98429,0.930638,0.930638,0.0,3.06147e-06,0.0,0.0128318,0.934544,3.06147e-06,0.934544,0.999946,0.0107598,0.0,0.0,0.0107598,0.934526,0.934526,0.0,0.801523,0.0,2.8002e-06,1.55093e-05,143.0306723792358,0.0536433017846631,0.0186037506915119,0.0361235262380875,0.0010091214554893,0.0175197755465756,22.525784231369894,-0.3415564314017641,0.7113288714894583,0.46986769435298614,-0.20033556851060705,3,3,0,0
381,62.057075974240426,32.87404560435932,23.59743203119301,0.0,0.00443147,0.999742,0.999678,0.999678,0.0,3.59474e-05,0.0,0.000246933,0.999742,3.59474e-05,0.999742,0.999989,0.911285,0.0,0.0,0.911285,0.999742,0.999742,0.0,0.991196,0.0,3.31468e-05,0.000195395,91.40031473273112,0.0417777775116115,0.0330028554673693,0.0373903164894904,0.0013797416918738,0.0043874610221211,20.69846037465858,-1.6236890781738773,-1.5370208625037125,-0.4934350519536099,-0.4145718810689211,0,0,0,0
382,50.451133057495966,47.59288453032164,24.25856568252558,0.0,7.65895e-07,0.999978,0.999688,0.999688,0.0,0.0128436,0.0,1.25299e-08,0.999978,0.0128436,0.999978,0.999978,0.986716,0.0,0.0,0.986716,0.999978,0.999978,0.0,0.999974,0.0,0.0125708,0.000287189,120.99094604443538,0.0303375053945376,0.0232539897187018,0.0267957475566197,0.0007049079781132,0.0035417578379179,20.401032340636082,-1.6416120536234038,-1.7486648797919933,-1.0032181975892391,0.3549674147795402,0,0,0,0
385,60.82209405775862,29.037387700862062,24.782327037203583,0.0,0.000170893,0.996709,0.996678,0.996678,0.0,2.06781e-06,0.0,0.00329002,0.996709,2.06781e-06,0.996709,0.999999,0.223708,0.0,0.0,0.223708,0.996709,0.996709,0.0,0.996248,0.0,1.82236e-06,0.00027374,59.25556427139769,0.051092035671003,0.0307415596812724,0.0409167976761377,0.0015758205511116,0.0101752379948652,20.57030310746648,-0.6221554349965192,-0.027161362622763252,-0.19972104144862013,-1.1405024460008244,3,3,0,0
391,56.35829259137056,38.39520897810914,26.139844228987076,0.0,0.000515229,0.999971,0.999811,0.999811,0.0,0.00055275,0.0,9.87671e-06,0.999971,0.00055275,0.999971,0.999981,0.992778,0.0,0.0,0.992778,0.999971,0.999971,0.0,0.999213,0.0,0.000529144,0.000721552,190.28652050037553,0.0347151794667079,0.0318956173128181,0.033305398389763,0.0011088294543868,0.0014097810769448,19.127431098270577,-1.73319143116309,-1.7495510516389827,-0.2029628541901237,1.0707033930401924,0,0,0,0
392,58.34907771633286,24.37554876493757,25.765520138331055,0.0,5.38296e-05,0.995742,0.995588,0.995588,0.0,8.23621e-07,0.0,0.00425577,0.995742,8.23621e-07,0.995742,0.999997,0.0936062,0.0,0.0,0.0936062,0.995742,0.995742,0.0,0.996113,0.0,5.63491e-07,0.000283642,110.83019568191044,0.0710544341780499,0.0397864871792246,0.0554204606786372,0.002828083185986,0.0156339734994126,20.597286283691556,-0.4334333951762282,0.2635773351713476,1.4127173933684842,-1.2074765675184822,3,3,0,0
394,45.19265170451467,47.21965246558452,26.417931398728843,0.0,2.83706e-06,0.999992,0.999858,0.999858,0.0,0.00617897,0.0,5.28666e-08,0.999992,0.00617897,0.999992,0.999992,0.993252,0.0,0.0,0.993252,0.999992,0.999992,0.0,0.999984,0.0,0.00608395,0.00256767,171.36746338112206,0.0406918731413757,0.0346667509662339,0.0376793120538048,0.0014347661639145,0.0030125610875708,20.67262436182105,-1.69560782230466,-1.758519053011744,0.03360373962425994,0.6158572314600175,0,0,0,0
397,35.202235553493594,20.3546442472923,26.636585524657537,0.0,0.000183301,0.9921,0.988523,0.988523,0.0,1.2418e-07,0.0,0.00779432,0.989271,1.2418e-07,0.989271,0.999998,0.0136641,0.0,0.0,0.0136641,0.989271,0.989271,0.0,0.995687,0.0,7.77502e-08,3.31692e-05,140.63444423158367,0.0688134448547409,0.0395472651379181,0.0541803549963295,0.002723705218009,0.0146330898584113,20.694021053338844,-0.3170148418837003,0.4452089569327742,1.494653409043134,-0.7588973059466334,3,3,0,0
398,53.23390339025638,42.738109540092736,26.015470559196626,0.0,2.64089e-05,0.99997,0.999554,0.999554,0.0,0.00495807,0.0,4.8375e-07,0.99997,0.00495807,0.99997,0.999971,0.994283,0.0,0.0,0.994283,0.99997,0.99997,0.0,0.999907,0.0,0.00472825,0.000558206,136.21349617622548,0.0305069568783507,0.0268324994307933,0.028669728154572,0.0008197297649316,0.0018372287237787,19.321396100350125,-1.705603000247022,-1.7595300719135762,-0.8668082613952324,0.545369692070879,0,0,0,0
399,25.9011676257794,28.39293752193077,26.12919537561223,0.0,0.126588,0.993207,0.984354,0.984354,0.0,1.09442e-05,0.0,0.00415393,0.985911,1.09442e-05,0.985911,0.999968,0.0366146,0.0,0.0,0.0366146,0.985897,0.985897,0.0,0.279931,0.0,1.00267e-05,3.83512e-05,129.59136179918684,0.053983170451446,0.0343874664276381,0.0441853184395421,0.0018562523676154,0.0097978520119039,23.52744059496719,-0.5731806197461976,1.7987780821968213,0.514422834492569,-0.38799364605127157,3,3,0,0
401,27.18328325680693,42.24931888366336,26.378067866514975,0.0,0.085422,0.999975,0.999013,0.999013,0.0,0.000830948,0.0,1.8003e-06,0.999967,0.000830948,0.999967,0.999996,0.90452,0.0,0.0,0.90452,0.999967,0.999967,0.0,0.90648,0.0,0.000794869,0.000278252,82.5491309160161,0.0454127512082392,0.0338274416006292,0.0396200964044342,0.0015381444493031,0.005792654803805,24.60155331492298,-1.7059301198292587,-0.9848147496947458,-0.3254688188513944,-0.6762706406213468,0,0,0,0
402,48.16366159459459,20.43580978378378,27.797575577827796,0.0,1.68561e-06,0.986688,0.986156,0.986156,0.0,2.08711e-07,0.0,0.0133101,0.986685,2.08711e-07,0.986685,0.999999,0.0277038,0.0,0.0,0.0277038,0.986685,0.986685,0.0,0.99996,0.0,1.42736e-07,0.000470571,147.42375731659806,0.0718135751243437,0.0319255668596032,0.0518695709919734,0.002293279524365,0.0199440041323702,19.581967251778952,-0.3363107036407099,0.4094443582104229,1.6475496942010355,-0.7697971318492702,3,3,0,0
403,25.879155604572205,34.98768574083296,26.908595733404233,0.0,0.697579,0.999453,0.99795,0.99795,0.0,0.00025204,0.0,0.00025481,0.998953,0.00025204,0.998953,0.999992,0.203691,0.0,0.0,0.203691,0.99895,0.99895,0.0,0.22616,0.0,0.000243279,0.000103673,184.64888295919397,0.0499433662367199,0.0454430268489097,0.0476931965428148,0.0022701156935066,0.0022501696939051,23.91474218055734,-1.4347046496822853,4.685948622526415,0.7580194267926631,0.4339376015861151,2,2,0,0
406,42.00290447905028,19.499256912011173,27.209985536278293,0.0,1.24874e-05,0.922049,0.918669,0.918669,0.0,2.60903e-07,0.0,0.0779417,0.921952,2.60903e-07,0.921952,0.999994,0.0178475,0.0,0.0,0.0178475,0.921952,0.921952,0.0,0.999831,0.0,4.36678e-08,0.000307111,149.6249436382785,0.0756525654581895,0.0335395867508123,0.0545960761045009,0.0025447665289854,0.0210564893536885,19.573996883379742,-0.31401737772206934,0.44951446989350125,1.9022472800098504,-0.878670193319772,3,3,0,0
407,30.869745694381017,44.9748832229723,27.11896229778119,0.0,0.00806175,0.999991,0.999254,0.999254,0.0,0.00445438,0.0,2.0841e-07,0.999991,0.00445438,0.999991,0.999995,0.982562,0.0,0.0,0.982562,0.999991,0.999991,0.0,0.987775,0.0,0.004404,0.000215898,93.55506252441832,0.0555085828104889,0.0259895776650634,0.0407490802377762,0.0014433311017609,0.0147595025727127,23.96535130264043,-1.7016469024775078,-1.676001065496481,0.28024984894398164,-0.8897470686914078,0,0,0,0
409,56.360314916229655,32.24115513942724,27.67006407644099,0.0,0.000137571,0.999845,0.9998,0.9998,0.0,3.79887e-05,0.0,0.000148491,0.999845,3.79887e-05,0.999845,0.999993,0.913371,0.0,0.0,0.913371,0.999845,0.999845,0.0,0.999601,0.0,3.42917e-05,0.00271441,203.6701048444326,0.037426810844409,0.0303690328306456,0.0338979218375273,0.0011366239888269,0.0035288890068817,19.229450432917186,-1.621174050601311,-1.5741555083029768,0.04216005134675549,1.1405753382611459,0,0,0,0
410,40.425413954156234,46.80008212040574,27.674989128540627,0.0,5.01192e-05,0.999997,0.999707,0.999707,0.0,0.00491637,0.0,5.15977e-08,0.999996,0.00491637,0.999996,0.999997,0.994511,0.0,0.0,0.994511,0.999996,0.999996,0.0,0.999905,0.0,0.00485397,0.000640848,141.00595247152972,0.037655764963118,0.0283646619099535,0.0330102134365357,0.0010746886965983,0.0046455515265822,21.662819243372514,-1.7058292853374983,-1.759942416293573,-0.4004218392092633,0.33969671543316254,0,0,0,0
411,54.02496359886792,24.90927411396226,28.183585875804027,0.0,2.77509e-05,0.992724,0.992547,0.992547,0.0,8.99981e-07,0.0,0.00727408,0.992724,8.99981e-07,0.992724,0.999998,0.0932219,0.0,0.0,0.0932219,0.992724,0.992724,0.0,0.999434,0.0,6.27202e-07,0.000462584,159.98073582677512,0.0601066792858687,0.0307752913120598,0.0454409852989642,0.0018581736037963,0.0146656939869044,19.676391005643932,-0.4320782399878245,0.26188790312442184,1.0488582234328385,-0.2022564261273634,3,3,0,0
412,49.40644311246786,42.11644771156812,28.229312657358236,0.0,2.96732e-06,0.999991,0.99992,0.99992,0.0,0.0005289,0.0,4.23513e-07,0.999991,0.0005289,0.999991,0.999992,0.998643,0.0,0.0,0.998643,0.999991,0.999991,0.0,0.999985,0.0,0.000495896,0.00297673,108.38752900426503,0.0287127340469832,0.0230820810244566,0.0258974075357199,0.000663247613002,0.0028153265112632,19.354259112432448,-1.7413246328029774,-1.7664189274180369,-1.1924351040696135,0.2617976379121491,0,0,0,0
413,36.56351997639515,44.97626429656846,28.83967997006869,0.0,0.00043157,0.999998,0.999601,0.999601,0.0,0.00173658,0.0,8.18717e-08,0.999997,0.00173658,0.999997,0.999998,0.996943,0.0,0.0,0.996943,0.999997,0.999997,0.0,0.999284,0.0,0.00168685,0.000488835,133.97515903055043,0.0413050561526176,0.0220572072720547,0.0316811317123361,0.0009114709994859,0.0096239244402814,22.434205787865395,-1.7312067225825276,-1.7602565073616092,-0.2790467701748622,0.1193863030938007,0,0,0,0
414,30.70409378844639,40.07689708681205,29.067426942571025,0.0,0.0763584,0.999969,0.999118,0.999118,0.0,0.000683575,0.0,7.22327e-06,0.999949,0.000683575,0.999949,0.999997,0.910612,0.0,0.0,0.910612,0.999949,0.999949,0.0,0.916343,0.0,0.000649211,0.000286755,188.67045965661015,0.0529695714757105,0.0388319182705236,0.045900744873117,0.0020593189924427,0.0070688266025934,23.177976349385386,-1.7048103752790136,-1.0588759773432783,0.914266656741959,0.3821815776007186,0,0,0,0
415,51.043032724990375,36.819582392529846,29.54858669729757,0.0,1.39542e-05,0.999989,0.999966,0.999966,0.0,4.48187e-05,0.0,8.81418e-06,0.999989,4.48187e-05,0.999989,0.999998,0.991481,0.0,0.0,0.991481,0.999989,0.999989,0.0,0.999976,0.0,4.18295e-05,0.00297292,120.600862392492,0.0343681655829658,0.0222838275687294,0.0283259965758476,0.0007656813499059,0.0060421690071181,18.90637712200063,-1.734146329552278,-1.749980670015618,-0.7855801168497537,0.21784430570845337,0,0,0,0
416,31.58491978248342,27.555555054474283,30.376067943029533,0.0,0.0130238,0.99927,0.998051,0.998051,0.0,7.22456e-07,0.0,0.000538819,0.998535,7.22456e-07,0.998535,0.999998,0.0979078,0.0,0.0,0.0979078,0.998534,0.998534,0.0,0.920892,0.0,6.09623e-07,5.17465e-05,256.2570962087984,0.0609408914123808,0.0506292798659577,0.0557850856391693,0.0030864932979985,0.0051558057732115,22.669878660163597,-0.4631319252234487,0.3989969410736925,1.9643090502218334,0.9385358899023415,3,3,0,0
417,44.368646647031824,42.658405197521425,29.486358645618644,0.0,1.09911e-05,0.999998,0.999948,0.999948,0.0,0.000475313,0.0,1.52e-07,0.999997,0.000475313,0.999997,0.999998,0.998747,0.0,0.0,0.998747,0.999997,0.999997,0.0,0.999981,0.0,0.000458227,0.00267437,91.05666961078104,0.0321862481544925,0.025171104562495,0.0286786763584937,0.0008093874156271,0.0035075717959987,20.11897883949434,-1.7417949177026788,-1.766553377837604,-1.1029780858743008,-0.07914605952366166,0,0,0,0
418,29.38276946838885,32.78633470360299,29.99573694830935,0.0,0.0719736,0.999948,0.99982,0.99982,0.0,6.93506e-06,0.0,3.2237e-05,0.999893,6.93506e-06,0.999893,1.0,0.779328,0.0,0.0,0.779328,0.999893,0.999893,0.0,0.917925,0.0,6.69515e-06,2.6405e-05,150.28437076418277,0.0554457032466764,0.0411159918979004,0.0482808475722884,0.0022841433833132,0.007164855674388,23.31164122294499,-1.514184304044735,-0.7909714934893378,0.8005286241466815,-0.1830285069563362,0,0,0,0
419,43.30539282837209,22.21755063767442,29.907341700673488,0.0,1.79025e-05,0.995345,0.995098,0.995098,0.0,5.42421e-08,0.0,0.00465428,0.995332,5.42421e-08,0.995332,1.0,0.0158441,0.0,0.0,0.0158441,0.995332,0.995332,0.0,0.999836,0.0,2.49447e-08,0.00013555,89.85855553695497,0.0555014797651409,0.0250918798960757,0.0402966798306083,0.0013937465170778,0.0152047999345326,20.107484429481946,-0.3202184308129787,0.43382358617511857,0.23207735556594455,-0.9116641390876563,3,3,0,0
420,45.531013021069285,38.90532829084777,30.292613285579417,0.0,1.64534e-05,0.999995,0.999939,0.999939,0.0,0.000172748,0.0,2.19184e-06,0.999995,0.000172748,0.999995,0.999998,0.994584,0.0,0.0,0.994584,0.999995,0.999995,0.0,0.999972,0.0,0.000157652,0.00320323,111.52677363180932,0.0302137482054838,0.0266230505454096,0.0284183993754467,0.0008049406702512,0.001795348830037,19.181106725952066,-1.7378229314825253,-1.7570072106931862,-1.0638623047172666,0.25011898736721394,0,0,0,0
421,35.184708151657794,39.96490448362669,30.84544077652504,0.0,0.00401443,0.999996,0.999823,0.999823,0.0,0.000200056,0.0,1.83082e-06,0.999993,0.000200056,0.999993,0.999999,0.990816,0.0,0.0,0.990816,0.999993,0.999993,0.0,0.995604,0.0,0.000183999,0.000550961,68.06959726411813,0.0387513426193879,0.0297605069149163,0.0342559247671521,0.0011545258551412,0.0044954178522357,22.199224651837778,-1.7368990349004674,-1.721718726448072,-0.8534616445829587,-0.6069579589769899,0,0,0,0
422,37.925280219861286,25.787179676118942,31.384006101635983,0.0,0.000559898,0.999129,0.998646,0.998646,0.0,2.72434e-07,0.0,0.000855457,0.998953,2.72434e-07,0.998953,0.999999,0.101274,0.0,0.0,0.101274,0.998953,0.998953,0.0,0.99572,0.0,1.98791e-07,0.000157596,242.37197574081412,0.0605266405332994,0.0384118367228847,0.0494692386280921,0.0023289769045753,0.0110574019052073,21.081923495973243,-0.4455210765884313,0.24879044779788217,1.735006706127947,0.7944933840441601,3,3,0,0
423,39.94229967785235,39.279626989932886,31.271962254876197,0.0,0.00035233,0.999995,0.999846,0.999846,0.0,0.000157056,0.0,3.78952e-06,0.999991,0.000157056,0.999991,0.999999,0.985909,0.0,0.0,0.985909,0.999991,0.999991,0.0,0.999512,0.0,0.000141812,0.00102466,182.67060158148115,0.0413328932606699,0.0349708212540736,0.0381518572573718,0.0014488959950831,0.0031810360032981,20.754285036016977,-1.7256867058504386,-1.7351259511202088,0.15338722424994983,0.7334356448978921,0,0,0,0
424,49.39356162180765,26.70079668173812,30.65162996743992,0.0,1.8344e-06,0.999191,0.999148,0.999148,0.0,6.42954e-07,0.0,0.000808395,0.999191,6.42954e-07,0.999191,1.0,0.159778,0.0,0.0,0.159778,0.999191,0.999191,0.0,0.999979,0.0,5.45859e-07,0.00056218,200.3822569209099,0.0542651790924682,0.0256292196955672,0.0399471993940177,0.0013922031763371,0.0143179796984505,19.584954172537454,-0.5292155143275411,0.11057410970127574,0.9614805514670178,0.5063366335416183,3,3,0,0
425,50.80517298912645,32.66909549560171,30.79384479890409,0.0,4.12174e-06,0.999968,0.999955,0.999955,0.0,8.14885e-06,0.0,3.12841e-05,0.999968,8.14885e-06,0.999968,0.999999,0.916724,0.0,0.0,0.916724,0.999968,0.999968,0.0,0.999987,0.0,7.23158e-06,0.00264821,76.01987359896397,0.0363945357223113,0.0207937300208788,0.028594132871595,0.0007576767878073,0.0078004028507162,19.394869911327234,-1.6260493858800298,-1.5827904135602329,-0.9986398379549812,-0.40955223573659927,0,0,0,0
426,33.81394856183407,35.80769161201876,31.833264333677462,0.0,0.010584,0.999992,0.999917,0.999917,0.0,2.80162e-05,0.0,3.82971e-06,0.999985,2.80162e-05,0.999985,1.0,0.968968,0.0,0.0,0.968968,0.999985,0.999985,0.0,0.988432,0.0,2.62743e-05,0.000287359,130.75232504901828,0.0494000800611853,0.0406511423541433,0.0450256112076643,0.0020080543137296,0.0043744688535209,22.569071046326375,-1.7142905686900187,-1.6288157538186807,0.29691071553472137,-0.2069016972153326,0,0,0,0
427,44.68979927389452,34.440299648737025,32.052045197056266,0.0,2.36946e-05,0.999967,0.999943,0.999943,0.0,1.68805e-05,0.0,3.21605e-05,0.999966,1.68805e-05,0.999966,1.0,0.915417,0.0,0.0,0.915417,0.999966,0.999966,0.0,0.999961,0.0,1.54175e-05,0.000814391,154.79819587952747,0.0438983766045396,0.0339839075183747,0.0389411420614572,0.0014933759675592,0.0049572345430824,19.791697715672452,-1.6240493473064297,-1.5796325041418546,0.09150815698824122,0.30300358560834156,0,0,0,0
428,44.20592969749662,28.50143633170948,32.20805863012767,0.0,3.13486e-05,0.99948,0.999353,0.999353,0.0,8.54274e-07,0.0,0.000518805,0.99947,8.54274e-07,0.99947,1.0,0.224152,0.0,0.0,0.224152,0.99947,0.99947,0.0,0.999825,0.0,7.32794e-07,0.000423838,199.2305813770771,0.0570205133090257,0.0316594848913343,0.04433999910018,0.001806215445441,0.0126805142088457,20.116832060193897,-0.6225586673909367,-0.03315681392532521,1.1610887441074058,0.39061945520737495,3,3,0,0
429,38.575705196929,32.68097560718086,32.80194045163503,0.0,0.000559917,0.999946,0.999869,0.999869,0.0,8.53205e-06,0.0,5.24441e-05,0.999933,8.53205e-06,0.999933,1.0,0.85519,0.0,0.0,0.85519,0.999933,0.999933,0.0,0.999163,0.0,7.33638e-06,0.000632393,183.27430247139353,0.0476909279578726,0.0386325018416563,0.0431617148997644,0.0018426082609808,0.0045292130581081,21.293487277090374,-1.5375054746887906,-1.441107841584635,0.5568092290319535,0.513252793403883,0,0,0,0
